model_name,accuracy,cluster_q1_3_acc,cluster_q4_6_acc,cluster_gap_q4_6_minus_q1_3
gemini-3.1-pro-preview,0.7755443886097152,0.8023450586264657,0.7487437185929648,-0.05360134003350081
qwen-vl-max,0.6507537688442211,0.6716917922948074,0.6298157453936348,-0.041876046901172526
internvl3-8b,0.6415410385259631,0.7554438860971524,0.5276381909547738,-0.22780569514237858
llava-ov-7b,0.6331658291457286,0.7504187604690117,0.5159128978224455,-0.23450586264656614
qwen2_5_vl_7b,0.559463986599665,0.6649916247906198,0.4539363484087102,-0.21105527638190957
internvl3-2b,0.5469011725293133,0.6750418760469011,0.4187604690117253,-0.2562814070351758
internvl2.5-2b,0.518425460636516,0.6465661641541038,0.39028475711892796,-0.2562814070351759
llava-next-video-7b,0.38944723618090454,0.4120603015075377,0.36683417085427134,-0.04522613065326636
