rel_path,file_name,model_name,n_options,accuracy,bss,skill_score,total_correct,total_questions,cluster_q1_3_acc,cluster_q4_6_acc,cluster_q1_3_correct,cluster_q1_3_total,cluster_q4_6_correct,cluster_q4_6_total,cluster_gap_q4_6_minus_q1_3,Q1_acc,Q1_correct,Q1_total,Q2_acc,Q2_correct,Q2_total,Q3_acc,Q3_correct,Q3_total,Q4_acc,Q4_correct,Q4_total,Q5_acc,Q5_correct,Q5_total,Q6_acc,Q6_correct,Q6_total
results_gemini-3.1-pro-preview-single_qa-generated_options_5opts_20260327_085451_20260402_045857.json,results_gemini-3.1-pro-preview-single_qa-generated_options_5opts_20260327_085451_20260402_045857.json,gemini-3.1-pro-preview,5,0.7755443886097152,0.6204355108877722,0.7194304857621439,926,1194,0.8023450586264657,0.7487437185929648,479,597,447,597,-0.05360134003350081,0.7738693467336684,154,199,0.8542713567839196,170,199,0.7788944723618091,155,199,0.7185929648241206,143,199,0.7537688442211056,150,199,0.7738693467336684,154,199
results_qwen-vl-max-single_qa-generated_options_5opts_20260327_085451_20260402_051757.json,results_qwen-vl-max-single_qa-generated_options_5opts_20260327_085451_20260402_051757.json,qwen-vl-max,5,0.6507537688442211,0.5206030150753769,0.5634422110552764,777,1194,0.6716917922948074,0.6298157453936348,401,597,376,597,-0.041876046901172526,0.7537688442211056,150,199,0.6130653266331658,122,199,0.6482412060301508,129,199,0.5829145728643216,116,199,0.6482412060301508,129,199,0.6582914572864321,131,199
results_internvl3-8b-single_qa-generated_options_5opts_20260327_085451.json,results_internvl3-8b-single_qa-generated_options_5opts_20260327_085451.json,internvl3-8b,5,0.6415410385259631,0.5132328308207705,0.5519262981574539,766,1194,0.7554438860971524,0.5276381909547738,451,597,315,597,-0.22780569514237858,0.9045226130653267,180,199,0.7688442211055276,153,199,0.592964824120603,118,199,0.39195979899497485,78,199,0.5678391959798995,113,199,0.6231155778894473,124,199
results_llava-ov-7b-single_qa-generated_options_5opts_20260327_085451.json,results_llava-ov-7b-single_qa-generated_options_5opts_20260327_085451.json,llava-ov-7b,5,0.6331658291457286,0.5065326633165829,0.5414572864321607,756,1194,0.7504187604690117,0.5159128978224455,448,597,308,597,-0.23450586264656614,0.8140703517587939,162,199,0.7939698492462312,158,199,0.6432160804020101,128,199,0.4020100502512563,80,199,0.5678391959798995,113,199,0.5778894472361809,115,199
results_qwen2_5_vl_7b-single_qa-generated_options_5opts_20260327_085451.json,results_qwen2_5_vl_7b-single_qa-generated_options_5opts_20260327_085451.json,qwen2_5_vl_7b,5,0.559463986599665,0.44757118927973205,0.44932998324958123,668,1194,0.6649916247906198,0.4539363484087102,397,597,271,597,-0.21105527638190957,0.8391959798994975,167,199,0.6884422110552764,137,199,0.46733668341708545,93,199,0.33668341708542715,67,199,0.4824120603015075,96,199,0.542713567839196,108,199
results_internvl3-2b-single_qa-generated_options_5opts_20260327_085451.json,results_internvl3-2b-single_qa-generated_options_5opts_20260327_085451.json,internvl3-2b,5,0.5469011725293133,0.4375209380234506,0.43362646566164154,653,1194,0.6750418760469011,0.4187604690117253,403,597,250,597,-0.2562814070351758,0.8241206030150754,164,199,0.6884422110552764,137,199,0.5125628140703518,102,199,0.2562814070351759,51,199,0.46733668341708545,93,199,0.5326633165829145,106,199
results_internvl2.5-2b-single_qa-generated_options_5opts_20260327_085451.json,results_internvl2.5-2b-single_qa-generated_options_5opts_20260327_085451.json,internvl2.5-2b,5,0.518425460636516,0.4147403685092128,0.3980318257956449,619,1194,0.6465661641541038,0.39028475711892796,386,597,233,597,-0.2562814070351759,0.7939698492462312,158,199,0.7236180904522613,144,199,0.4221105527638191,84,199,0.271356783919598,54,199,0.46733668341708545,93,199,0.4321608040201005,86,199
results_llava-next-video-7b-single_qa-generated_options_5opts_20260327_085451.json,results_llava-next-video-7b-single_qa-generated_options_5opts_20260327_085451.json,llava-next-video-7b,5,0.38944723618090454,0.31155778894472363,0.23680904522613067,465,1194,0.4120603015075377,0.36683417085427134,246,597,219,597,-0.04522613065326636,0.4020100502512563,80,199,0.5125628140703518,102,199,0.32160804020100503,64,199,0.25125628140703515,50,199,0.457286432160804,91,199,0.39195979899497485,78,199
